<?xml version="1.0" encoding="UTF-8"?>
<!-- Image Calculator -->
            
<UnitDescription>

<General>
  <UnitName>Atan Image</UnitName> 
  <PathToIcon></PathToIcon> 
  <ImageJSyntax><![CDATA[
w = getWidth();
h = getHeight();

newImage("Winkel", "8-bit Black", w, h, 1);
idAngle = getImageID();

for(y = 0; y < h; y++) {
	for(x = 0; x < w; x++) {
		selectImage(ID_TITLE_1);
		dy = getPixel(x,y);
		selectImage(ID_TITLE_2);
		dx = getPixel(x,y);
		selectImage(idAngle);
		angle = atan2(dy, dx); // -PI bis PI
		angle = 255/(2*PI) * (angle + PI); // 0 bis 255
		putPixel(x,y, angle);
	}
}]]>
</ImageJSyntax> 
  <Color>0x6e91de</Color>
  <HelpString>Performs a mathematical calculation of two images</HelpString>  
</General>

<Inputs> 
	<Input>
		<Name>Horizontal Image</Name>
		<ShortName>H</ShortName>	
		<DataType>image</DataType>
		<ImageType>63</ImageType>
		<NeedToCopyInput>false</NeedToCopyInput>
	</Input>
	<Input>
		<Name>Vertical Image</Name>
		<ShortName>V</ShortName>	
		<DataType>image</DataType>
		<ImageType>63</ImageType>
		<NeedToCopyInput>false</NeedToCopyInput>
        </Input>
</Inputs>

<Outputs> 
	<Output>
		<Name>Output</Name>
		<ShortName>O</ShortName>
		<DataType>Image</DataType>	
		<ImageType>-1</ImageType>
		<DoDisplay>false</DoDisplay>
	</Output>
</Outputs>

</UnitDescription>