<?xml version="1.0" encoding="UTF-8"?>
<UnitDescription>
<General>
  <UnitName>Enhance Contrast Example</UnitName> 
  <PathToIcon></PathToIcon> 
  <ImageJSyntax>
	  run("Enhance Contrast", "saturated=0.4");
  </ImageJSyntax>
  <IconSize>BIG</IconSize>
  <Color>0x6e91de</Color>
  <HelpString>Enhances the contrast of an image.</HelpString>
</General>

<Parameters> </Parameters>

<Inputs> 
	<Input>
		<Name>Input</Name>
		<ShortName>I</ShortName>	
		<DataType>Image</DataType>
		<ImageType>31</ImageType>
		<NeedToCopyInput>true</NeedToCopyInput>
	</Input>
</Inputs>

<Outputs> 
	<Output>
		<Name>Output</Name>
		<ShortName>O</ShortName>	
		<DataType>Image</DataType>
		<ImageType>-1</ImageType>
		<DoDisplay>false</DoDisplay>
	</Output>
</Outputs>
</UnitDescription>