<?xml version="1.0" encoding="UTF-8"?>
<!-- Image Calculator -->
            
<UnitDescription>

<General>
  <UnitName>Image Calculator</UnitName> 
  <PathToIcon>ImageCalculator_Unit.png</PathToIcon> 
  <ImageJSyntax>run("Image Calculator...", "image1=TITLE_1 operation=PARA_STRING_1 image2=TITLE_2 create PARA_BOOLEAN_1 STACK");</ImageJSyntax> 
  <Color>0x6e91de</Color>
  <HelpString>Performs a mathematical calculation of two images</HelpString>  
</General>

<Parameters>
  	<Parameter>
  		<Name>Math</Name>
  		<DataType>StringArray</DataType>
  		<Value>Add;Subtract;Multiply;Divide;AND;OR;XOR</Value>
  		<HelpString>Defines what math should be used to merge both images</HelpString>
  		<ChoiceNumber>1</ChoiceNumber>
  	</Parameter>
  	<Parameter>
  		<Name>32 bit result</Name>
  		<DataType>boolean</DataType>
  		<Value>true</Value>
  		<HelpString>create 32 bit result?</HelpString>
  		<TrueString>32-bit</TrueString>
  	</Parameter> 
</Parameters>

<Inputs> 
	<Input>
		<Name>Input1</Name>
		<ShortName>I1</ShortName>	
		<DataType>Image</DataType>
		<ImageType>63</ImageType>
		<NeedToCopyInput>false</NeedToCopyInput>
	</Input>
	<Input>
		<Name>Input2</Name>
		<ShortName>I2</ShortName>	
		<DataType>Image</DataType>
		<ImageType>63</ImageType>
		<NeedToCopyInput>false</NeedToCopyInput></Input>
</Inputs>

<Outputs> 
	<Output>
		<Name>Output</Name>
		<ShortName>O</ShortName>
		<DataType>Image</DataType>	
		<ImageType>-1</ImageType>
		<DoDisplay>false</DoDisplay>
	</Output>
</Outputs>

</UnitDescription>