<?xml version="1.0" encoding="UTF-8"?>
            
<UnitDescription>

<General>
  <UnitName>Lena Sample</UnitName> 
  <PathToIcon></PathToIcon> 
  <ImageJSyntax>run("Lena (68K)");</ImageJSyntax> 
  <Color>0x9cba92</Color>
  <HelpString>Opens one of ImageJ's RGB Image Examples</HelpString>
  	  
</General>

<Outputs> 
	<Output>
		<Name>Output</Name>
		<ShortName>O</ShortName>	
		<DataType>Image</DataType>
		<ImageType>16</ImageType>
		<DoDisplay>false</DoDisplay>
	</Output>
</Outputs>

</UnitDescription>
