<?xml version="1.0" encoding="UTF-8"?>
<!-- Red Background unit element -->

<UnitDescription>

<General>
  <UnitName>Red Background</UnitName>
  <PathToIcon></PathToIcon>
  <ImageJSyntax>newImage("Background", "RGB White", PARA_INTEGER_1, PARA_INTEGER_2, 1);
  	setForegroundColor(255, 0, 0);
  	floodFill(1, 1);
  </ImageJSyntax>
  <Color>0x9cba92</Color>
  <HelpString>Creates a new Background of defined size with red background color</HelpString>

</General>

<Parameters>
  	<Parameter>
  		<Name>Width</Name>
  		<DataType>integer</DataType>
  		<Value>256</Value>
  		<HelpString>Width of the background</HelpString>
  	</Parameter>

  	<Parameter>
  		<Name>Height</Name>
  		<DataType>integer</DataType>
  		<Value>256</Value>
  		<HelpString>Height of the background</HelpString>
  	</Parameter>
  	
</Parameters>

<Outputs>
	<Output>
		<Name>Output</Name>
		<ShortName>O</ShortName>
		<DataType>Image</DataType>
		<ImageType>16</ImageType>
		<DoDisplay>false</DoDisplay>
	</Output>
</Outputs>

</UnitDescription>
